field1,field2,field3,field4,field5,_GC_TYPE,_CLEANADDR,_X,_Y
청담실버타운5차,주택,서울 강남구 도산대로72길 31,청담동 13-41,06063,정,서울특별시 강남구 청담동 13-41,127.04585125964175,37.52226005112902
신우실버타운,주택,서울 강남구 학동로82길 28,삼성동 65-6,06084,정,서울특별시 강남구 삼성동 65-6,127.05189393478221,37.51707447027636
호세실버타운,노인복지,인천 강화군 불은면 고려왕릉로 376 호세요양원,두운리 342-5,23046,정,인천광역시 강화군 불은면 두운리 342-5,126.47792581736246,37.67535709515886
실버타운,"스파게티,파스타전문",서울 관악구 남부순환로214길 30 1층 실버타운,봉천동 896-24 1층 실버타운,08786,정,서울특별시 관악구 봉천동 896-24,126.94739456823717,37.480304252456456
치악산실버타운,노인복지,강원 횡성군 강림면 태종로 92,강림리 744-5,25272,정,강원특별자치도 횡성군 강림면 강림리 744-5,128.12099426147597,37.35756528187912
실버타운,노인복지,경기 이천시 영창로 188,창전동 158-1,17369,정,서울특별시 마포구 창전동 158-1,126.93101613038985,37.54569604285559
실버타운,주택,경북 경산시 자인면 북사로7길 30,북사리 259-4,38555,정,경상북도 경산시 자인면 북사리 259-4,128.82065770676513,35.822469200215764
더힐실버타운,노인복지,경기 용인시 기흥구 석성로521번길 14-21 더힐실버타운,동백동 381-12 더힐실버타운,16895,정,경기도 용인시 기흥구 동백동 381-12,127.15644629616715,37.291499783611066
워커힐실버타운,노인복지,서울 광진구 워커힐로 93 워커힐실버타운,구의동 16-3 워커힐실버타운,04958,정,서울특별시 광진구 구의동 16-3,127.09772119270416,37.550708041751804
한사랑실버타운,노인복지,광주 북구 치로1번길 9,중흥동 348-14,61218,정,광주광역시 북구 중흥동 348-14,126.9092015641043,35.16795700097997
서면 실버복지타운,노인복지,경남 남해군 서면 스포츠로 672,서상리 521,52410,정,경상북도 청도군 화양읍 서상리 521,128.70058745260502,35.6539600397933
동해약천온천실버타운,노인복지,강원 동해시 석두골길 145,망상동 459-10,25701,정,강원특별자치도 동해시 망상동 459-10,129.06776589663062,37.59347967329687
늘푸른실버타운,노인복지,경기 고양시 일산동구 성현로 185-33,성석동 524-28,10252,정,경기도 고양시 일산동구 성석동 524-28,126.80668650635593,37.71002109463689
삼성홈실버타운,노인복지,서울 도봉구 도봉로180길 46,도봉동 62-40,01320,정,서울특별시 도봉구 도봉동 62-40,127.04779089576719,37.6822048125247
레인보우빌리지 실버타운,노인복지,경기 용인시 기흥구 기흥로116번길 99,언남동 215-8,16958,정,경기도 용인시 기흥구 언남동 215-8,127.12105994918043,37.29015568790137
천안실버타운,노인복지,충남 천안시 동남구 목천읍 운전4길 6,운전리 41-9,,정,충청남도 천안시 동남구 목천읍 운전리 41-9,127.23081798518696,36.7653458522794
삼성실버타운주간보호센터,재가노인요양센터,전북 익산시 선화로 836-16,부송동 135-1,54549,정,전북특별자치도 익산시 부송동 135-1,127.00127403969644,35.97040742156809
유당마을실버타운,노인복지,경기 수원시 장안구 수일로191번길 26 유당마을,조원동 119-3 유당마을,16293,정,경기도 수원시 장안구 조원동 119-3,127.0110377087519,37.30947458352804
청평태양실버타운,노인복지,경기 가평군 청평면 강변로 125,청평리 134-62,12453,정,경기도 가평군 청평면 청평리 134-62,127.42594410286135,37.73169374417046
실버타운청심빌리지,노인복지,경기 가평군 설악면 미사리로 191-16,송산리 711-1,12461,정,경기도 화성시 양감면 송산리 711-1,126.98660786985943,37.105096068909525
에쉐르카운티 실버타운형 아파트,노인복지,인천 미추홀구 주승로 110,주안동 1216-17,22231,정,인천광역시 미추홀구 주안동 1216-17,126.6826567538624,37.44506778932481
낙원실버타운&암자연치유,노인복지,울산 울주군 삼동면 은현작동로 440-75 1층,작동리 797-1 1층,44965,정,울산광역시 울주군 삼동면 작동리 797-1,129.1810370766598,35.48295794031175
흰돌실버타운,노인복지,부산 수영구 연수로260번길 53,망미동 774-283,48239,정,부산광역시 수영구 망미동 774-283,129.0988476527567,35.17065686521251
해인실버타운,노인복지,경북 포항시 남구 동해면 연오로42번길 3,도구리 43,,정,경상북도 포항시 남구 동해면 도구리 43,129.4412847945368,35.984354566131856
도원실버타운,노인복지,대구 수성구 팔현길 126-11,고모동 88-10,42260,정,대구광역시 수성구 고모동 88-10,128.66652206460913,35.870386920373655
황전실버타운,노인복지,부산 동래구 구만덕로 172 황전실버타운,온천동 1737 황전실버타운,47718,정,부산광역시 동래구 온천동 1737,129.055097785533,35.21159095872639
경주안심실버타운,재가노인요양센터,경북 경주시 양정로 294 3층,동천동 987-6 3층,38099,정,경상북도 경주시 동천동 987-6,129.22445810277418,35.859034285283016
케어닥케어홈 실버타운 송추포레스트점,노인복지,경기 양주시 장흥면 가마골로100번길 68-28,부곡리 382-14,11521,정,경기도 양주시 장흥면 부곡리 382-14,126.98033351864169,37.727369784962185
효덕실버타운,"경로당,노인정",광주 광산구 산로 133,산동 872-17,62365,유,경상북도 구미시 산동읍 인덕리 872-9,128.44189140578462,36.167115312672635
초원실버타운,노인복지,전남 목포시 영산로 49,대의동2가 1-9,58729,정,전라남도 목포시 대의동2가 1-9,126.38381054645563,34.78720931144538
에덴실버타운,노인복지,충북 충주시 풍동동막길 199,풍동 644,27479,정,충청북도 충주시 풍동 644,127.90030890457525,36.92800220958083
서민실버타운,노인복지,경기 안산시 상록구 광덕산3로 49,월피동 509-16,15259,정,경기도 안산시 상록구 월피동 509-16,126.84596988888788,37.33449186996851
홍광실버타운,노인복지,충북 제천시 제천북로18길 9,고암동 978-2,27138,정,충청북도 제천시 고암동 978-2,128.21830204647227,37.16514089527241
성라실버타운,노인복지,서울 성북구 성북로31길 27 성라원,성북동 285 사회복지법인성라원,02879,정,부산광역시 강서구 성북동 285,128.83100492266536,35.05592315744945
노엘실버타운,노인복지,광주 서구 세동2길 21-4,세하동 477,62076,정,광주광역시 서구 세하동 477,126.83182734645166,35.11563322339686
칠곡실버타운,노인복지,경북 칠곡군 왜관읍 금남3길 27-30,금남리 263-1,,정,경상북도 칠곡군 왜관읍 금남리 263-1,128.41143407463517,35.92930108173892
성덕실버타운,노인복지,대구 동구 서촌로21길 20-16,덕곡동 592,41000,정,경상북도 김천시 덕곡동 592,128.1442719369534,36.12964946828423
미리내실버타운,노인복지,경기 안성시 양성면 미리내성지로 386-27 미리내실버타운,미산리 175-1,17500,정,경기도 안성시 양성면 미산리 175-1,127.26095055855839,37.1375256041102
겔러리온 실버타운,노인복지,경기 김포시 월곶면 김포대로 2529,갈산리 465-1,10023,정,전북특별자치도 익산시 성당면 갈산리 465-1,126.92769744223175,36.08883240638562
서포항실버타운,노인복지,경북 포항시 북구 기계면 기계로 573,지가리 1009-1,37526,정,경상북도 포항시 북구 기계면 지가리 1009-1,129.16127847116036,36.0887127285568
원불교하이원빌리지,노인복지,서울 용산구 한강대로40가길 24 하이원빌리지,한강로2가 55,04382,정,서울특별시 용산구 한강로2가 55,126.97225159598774,37.530972060354415
대구 신세계주간보호센터,재가노인요양센터,대구 달서구 상화로 33 대경빌딩 A동 3층,진천동 731-13 대경빌딩 A동 3층,42777,정,대구광역시 달서구 진천동 731-13,128.5187028972879,35.808794169522955
가나실버타운,노인복지,인천 서구 연희로42번길 14,연희동 727-7,22719,정,인천광역시 서구 연희동 727-7,126.67251112990476,37.550599242427886
왕지실버타운요양원.주간보호센터.,"요양원,요양센터",전남 순천시 왕지로 187,왕지동 162,57931,정,전라남도 순천시 왕지동 162,127.53934398052326,34.97702844025512
군포행복실버타운,노인복지,경기 군포시 고산로250번길 12 5층,당동 917-4 5층,15856,정,경기도 군포시 당동 917-4,126.94499220412689,37.347041047149695
근영실버타운,노인복지,경기 화성시 정남면 덕절중앙길 1-17,덕절리 178-6,18515,정,경기도 화성시 정남면 덕절리 178-6,127.02394985561862,37.133617316550584
한국노인복지진흥재단포천실버타운,노인복지,경기 포천시 내촌면 금강로2536번길 112-12,소학리 314-8,11189,정,경기도 포천시 내촌면 소학리 314-8,127.2486641771679,37.79447217648258
효사랑실버타운,노인복지,대구 동구 경안로109길 40,서호동 7-31,41111,정,대구광역시 동구 서호동 7-31,128.70939328649453,35.871937223377856
글로리아실버타운,노인복지,경기 남양주시 진건읍 사릉로156번길 275 글로리아 실버타운,송능리 304-2 글로리아 실버타운,12140,정,경기도 남양주시 진건읍 송능리 304-2,127.21560359344839,37.661602662676394
익산실버타운주간보호센터,재가노인요양센터,전북 익산시 배산로16길 36 2층,모현동1가 297-6,54659,정,전북특별자치도 익산시 모현동1가 297-6,126.94330293829324,35.94659005280586
한사랑실버타운,노인복지,경남 산청군 생비량면 비량로 411-7,가계리 1023,52255,정,경상남도 산청군 생비량면 가계리 1023,128.06603767970222,35.36290746358602
에덴실버타운,노인복지,광주 광산구 노안삼도로 1323,삼거동 322-7,62407,정,광주광역시 광산구 삼거동 322-7,126.67206292985587,35.15457249613457
희연실버타운,노인복지,대구 북구 산격로 17,산격동 1433-10,41543,정,대구광역시 북구 산격동 1433-10,128.60517886646406,35.89197495272852
의왕브이아이피실버타운,노인복지,경기 의왕시 잿말길 43-1,월암동 651-3,16107,정,경기도 의왕시 월암동 651-3,126.95440660576772,37.30384517699387
에덴실버타운주간보호센터,노인복지,경남 합천군 대양면 대야로 669,정양리 208,50239,정,경상남도 합천군 대양면 정양리 208,128.16353913834084,35.5485911716642
섬김실버타운,노인복지,광주 서구 용두길 123,용두동 637-1,62078,정,경기도 고양시 덕양구 용두동 637-1,126.87866693804239,37.62797433869039
한사랑실버타운,노인복지,대구 동구 반야월로18길 48,율하동 233-2,41119,정,대구광역시 동구 율하동 233-2,128.69723183662057,35.8714912267405
단포실버타운,재가노인요양센터,경북 영천시 고경면 단포구보길 65,단포리 342-10,38900,정,경상북도 영천시 고경면 단포리 342-10,128.97026259409625,35.97317935086332
어버이사랑노인의료실버타운 병설데이케어센터3,재가노인요양센터,서울 영등포구 도림로 323 건영상가 2층,신길동 364 건영상가 2층,07380,정,서울특별시 영등포구 신길동 364,126.9012842512766,37.50576061180967
호산실버타운,노인복지,대구 북구 관음동로9길 22 호산실버타운,관음동 600-1 호산실버타운,41444,유,대구광역시 북구 관음동 600-1,128.54471258547315,35.93760029391327
참사랑실버타운,노인복지,대구 서구 가르뱅이로21길 3,상리동 214-1,41750,정,대구광역시 서구 상리동 214-1,128.52800995152387,35.880870063361144
아름다운실버타운,노인복지,경북 청송군 청송읍 길안청송로 1692-29,덕리 300,37432,정,경상북도 청송군 청송읍 덕리 300,129.0487716244157,36.43241257501582
로뎀나무실버타운,노인복지,경북 구미시 고아읍 들성로9길 20-39,문성리 1236,,정,경상북도 구미시 고아읍 문성리 1236,128.346443110005,36.16297235822259
효원실버타운,노인복지,대구 남구 두류공원로 110,대명동 3045-29,42460,정,대구광역시 남구 대명동 3045-29,128.56818065870505,35.84616652580246
장수실버타운,노인복지,경북 영천시 수원지길 75,성내동 243-6,38841,정,경상남도 창원시 진해구 성내동 243-6,128.75646720929464,35.11431458501073
효자실버타운,노인복지,대구 달성군 화원읍 사문진로 447,천내리 156-1,42955,정,대구광역시 달성군 화원읍 천내리 156-1,128.49737384967236,35.80381445635368
흰돌실버타운문화센타,노인복지,부산 수영구 연수로260번길 53,망미동 774-283,48239,정,부산광역시 수영구 망미동 774-283,129.0988476527567,35.17065686521251
우리실버타운,노인복지,경북 영천시 완산4길 127,완산동 709-16,38894,정,경상북도 영천시 완산동 709-16,128.94819843115022,35.965110015885024
백향그린실버타운,노인복지,인천 강화군 길상면 길상로304번길 49-20 백향실버타운,장흥리 445-4,23050,정,인천광역시 강화군 길상면 장흥리 445-4,126.49875804849353,37.64217656394162
사회복지법인자혜복지재단노량실버타운,"요양원,요양센터",경남 하동군 금남면 연화마을길 49-15,노량리 110-4,52352,정,경상남도 하동군 금남면 노량리 110-4,127.87835147391628,34.95985853277356
예솜실버타운&방문요양,노인복지,경기 파주시 광탄면 보광로 509-9 예솜실버타운&방문요양,영장리 39-2 예솜실버타운&방문요양,10953,정,경기도 파주시 광탄면 영장리 39-2,126.91055450119526,37.75320746024678
실버복지타운,노인복지,제주 제주시 구좌읍 종달논길 33,종달리 1113-14,63364,정,제주특별자치도 제주시 구좌읍 종달리 1113-14,126.90124841046523,33.493258604702696
울릉송담실버타운,노인복지,경북 울릉군 서면 학포길 36,태하리 405,40203,정,경상북도 울릉군 서면 태하리 405,130.80703465015142,37.50705356113803
조이실버복지타운,재가노인요양센터,서울 성북구 화랑로11길 26 갑을명가B 109호,하월곡동 227 갑을명가B 109호,02751,정,서울특별시 성북구 하월곡동 227,127.04204999957426,37.603245285390805
대경실버타운2,노인복지,대구 달서구 학산로50길 51,송현동 188-5,42739,정,대구광역시 달서구 송현동 188-5,128.5515309545799,35.83178025958034
이팝나무실버라이프,노인복지,대전 중구 대흥로 20 4층,대사동 248-263 4층,34945,정,대전광역시 중구 대사동 248-263,127.41642566875676,36.321743409640895
경북실버타운,노인복지,대구 달서구 조암남로14길 19,월성동 1544-2,42756,정,대구광역시 달서구 월성동 1544-2,128.52526858750377,35.8215957956561
고흥실버타운요양원,"요양원,요양센터",전남 고흥군 고흥읍 고흥로 1997-8,남계리 161-2,59535,정,경상북도 칠곡군 약목면 남계리 161-2,128.3638374211544,36.03047531367967
새아침실버홈,노인복지,경기 이천시 마장면 서이천로147번길 57,이치리 551,17385,정,경기도 이천시 마장면 이치리 551,127.37321793524734,37.25053187978926
청담실버타운2차,주택,서울 강남구 도산대로83길 46,청담동 112-9,06011,정,서울특별시 강남구 청담동 112-9,127.04908462430039,37.52737955365153
서초실버타운,주택,서울 서초구 서운로9길 50,서초동 1350-3,06726,정,서울특별시 서초구 서초동 1350-3,127.0269109909509,37.48579896879849
신정실버타운7차,주택,서울 양천구 중앙로54길 24,신정동 930-30,07942,정,서울특별시 양천구 신정동 930-30,126.85234282813514,37.52634482890015
실버타운경로당,노인복지,전북 김제시 하동1길 79-1,하동 404-20,54366,정,전북특별자치도 김제시 하동 404-20,126.89586346754864,35.81417056971523
해피실버타운,"요양원,요양센터",부산 남구 동명로101번길 37-7,용호1동 295,48521,정,부산광역시 남구 용호동 295,129.10735476376666,35.121503713464904
실버타운오피스텔,오피스텔,서울 서초구 서초대로77길 45,서초동 1308-4,06612,정,서울특별시 서초구 서초동 1308-4,127.0248128467418,37.5015676951581
태백시종합실버복지타운,노인복지,강원 태백시 황장목이길 23,문곡동 4-9,26044,정,강원특별자치도 태백시 문곡동 4-9,129.00330935382013,37.13090051048415
상록수실버타운,"요양원,요양센터",대구 달서구 문화회관3길 25,장기동 270-22,42698,정,대구광역시 달서구 장기동 270-22,128.52166352642647,35.847228444553316
명천실버복지관,노인복지,충남 보령시 흥곡천변로 85 명천실버복지관,명천동 1116 명천실버복지관,33475,정,충청남도 보령시 명천동 1116,126.60202011273782,36.336911149675984
비엔날레실버타운,"요양원,요양센터",광주 북구 설죽로251번길 98,용봉동 884,61107,유,광주광역시 북구 용봉동 885,126.89296258557404,35.18240770971993
더헤리티지,아파트,경기 성남시 분당구 대왕판교로 155 더 헤리티지,금곡동 305-2,13552,정,경기도 성남시 분당구 금곡동 305-2,127.09838245907052,37.35850746753797
행복한실버타운요양원,"요양원,요양센터",경남 김해시 번화1로80번길 5 7층 701호,대청동 62-2 7층 701호,50989,정,경상남도 김해시 대청동 62-2,128.80001471632767,35.194706533399405
동해약천온천실버타운 온천,"온천,스파",강원 동해시 석두골길 145,망상동 459-10,25701,정,강원특별자치도 동해시 망상동 459-10,129.06776589663062,37.59347967329687
회성실버타운,주택,경기 남양주시 화도읍 경춘로1842번길 13-1,녹촌리 245-4,12178,정,경기도 남양주시 화도읍 녹촌리 245-4,127.29369018160149,37.65385060651218
성심 실버타운,"요양원,요양센터",대구 달서구 와룡로15길 59,본리동 648-1,42695,정,대구광역시 달서구 본리동 648-1,128.53352277867114,35.839350445177104
기장실버타운,"요양원,요양센터",부산 기장군 기장읍 죽성로 227,죽성리 734-2,46078,정,부산광역시 기장군 기장읍 죽성리 734-2,129.24141996909384,35.245336645533584
복음실버타운,"요양원,요양센터",대구 북구 칠곡중앙대로77길 14,태전동 1064-2,41451,정,대구광역시 북구 태전동 1064-2,128.5465972410945,35.931080723346064
천유원실버타운,"요양원,요양센터",대구 북구 칠성남로36길 6,칠성동2가 302-114,41581,정,대구광역시 북구 칠성동2가 302-114,128.59900497117857,35.87621372272265
늘푸른실버타운,"요양원,요양센터",대구 달성군 화원읍 명천로 331 금화복지재단 늘푸른실버타운,설화리 658,42957,정,대구광역시 달성군 화원읍 설화리 658,128.48734813141138,35.79280418811812
아모르파티 늘봄실버타운요양원,"요양원,요양센터",경기 용인시 기흥구 중부대로681번길 31-3 늘봄실버타운요양원,상하동 283 늘봄실버타운요양원,16994,정,경기도 용인시 기흥구 상하동 283,127.14049725759064,37.2678930857612
논현실버타운빌라,주택,서울 강남구 논현로115길 53,논현동 179,06118,정,서울특별시 강남구 논현동 179,127.02866892152176,37.5079224407146
남구실버타운,"요양원,요양센터",광주 남구 대남대로139번길 8,봉선동 1124-6,61688,정,광주광역시 남구 봉선동 1124-6,126.90987453776239,35.133093283131885
부.산 실버타운,"요양원,요양센터",부산 부산진구 중앙대로910번길 37-1,양정동 342-11,47222,정,부산광역시 부산진구 양정동 342-11,129.07187017085414,35.17056543434134
신세계실버타운,"요양원,요양센터",대구 북구 주좌길 26-17,학정동 127-2,41416,정,대구광역시 북구 학정동 127-2,128.56909587136178,35.95013480969733
낙원대실버타운,"요양원,요양센터",부산 기장군 정관읍 용수공단2길 64-20,용수리 1047-2,,정,제주특별자치도 제주시 한경면 용수리 1047-2,126.18076195936648,33.3339560182822
통영실버타운요양원,"요양원,요양센터",경남 통영시 여황로 400-8,북신동 704,53042,정,경상남도 통영시 북신동 704,128.42665321917156,34.8560908869789
다인실버타운요양원,"요양원,요양센터",인천 서구 대곡로 415 다인실버타운요양원,대곡동 47-1 다인실버타운요양원,22600,정,인천광역시 서구 대곡동 47-1,126.65024223244028,37.63139901207521
행복한실버타운요양원,"요양원,요양센터",부산 강서구 명지국제2로28번길 34 9층 901호,명지동 3603-7 9층 901호,46726,정,부산광역시 강서구 명지동 3603-7,128.90887708626434,35.09282832650535
모랑가실버타운,"요양원,요양센터",전남 담양군 창평면 용수길 16,용수리 365-2,57390,정,전북특별자치도 김제시 용지면 용수리 365-2,126.99766263061059,35.83388033181416
산청복음실버타운,"요양원,요양센터",경남 산청군 단성면 강누방목로401번길 79,방목리 268-1,52242,정,경상남도 산청군 단성면 방목리 268-1,127.93137684648198,35.330224076381995
참사랑숲속실버타운,"요양원,요양센터",경북 구미시 형곡동로6길 16-17,형곡동 586-1,39317,정,경상북도 구미시 형곡동 586-1,128.33831848322959,36.104845856798995
늘푸른청춘실버타운,"요양원,요양센터",광주 광산구 도천남길 41-60,수완동 668-1,62244,정,광주광역시 광산구 수완동 668-1,126.81866334583296,35.20600431843048
수성윤정실버타운,"요양원,요양센터",대구 수성구 희망로 93-2 1~5층(중동),중동 532-566 1~5층(중동),42137,정,대구광역시 수성구 중동 532-566,128.6092072439338,35.847641404781704
장성누리타운,아파트,전남 장성군 청운11길 11,장성읍 영천리 1475-5,57220,정,전라남도 장성군 장성읍 영천리 1475-5,126.78231175802148,35.304128734113554
왜전실버공동체실버타운,"요양원,요양센터",경남 함안군 산인면 신산1길 46,신산리 597-3,,정,경상남도 함안군 산인면 신산리 597-3,128.47590838431714,35.269228926801915
삼성실버타운,"요양원,요양센터",경북 구미시 송원서로2길 31 삼성실버타운,원평동 1060-24 삼성실버타운,39232,정,경상북도 구미시 원평동 1060-24,128.34649755114387,36.123036900900246
백정애건강실버타운,"요양원,요양센터",울산 중구 백양로 205,성안동 406-10,44417,정,울산광역시 중구 성안동 406-10,129.32374356773477,35.58042850851687
아산실버타운요양원,"요양원,요양센터",충남 아산시 번영로143번길 43,권곡동 524-6,31515,정,충청남도 아산시 권곡동 524-6,127.00795257785596,36.78987504592593
가현누리실버타운,"요양원,요양센터",경남 산청군 단성면 목화로474번길 14-2,소남리 169-1,,정,경상남도 산청군 단성면 소남리 169-1,127.96193131021981,35.257066468772166
노인요양시설 사랑플러스실버타운,"요양원,요양센터",경북 구미시 상사동로 95 나동,임은동 497 나동,39335,정,경상북도 구미시 임은동 497 나동,128.3591728008466,36.093195314665586
"봄실버타운,요양원","요양원,요양센터",경북 포항시 북구 장량로128번길 28-11 봄실버타운,장성동 1430-1 봄실버타운,37588,정,경상북도 포항시 북구 장성동 1430-1,129.39363940446702,36.079005874524874
수목원실버타운,"요양원,요양센터",대구 달서구 갈밭로4길 43,대곡동 1061-2,42842,정,대구광역시 달서구 대곡동 1061-2,128.52882936578814,35.8045033347134
서종 실버타운 요양원,"요양원,요양센터",경기 양평군 서종면 서능로 3 서종실버타운요양원,수능리 227-4 서종실버타운요양원,12504,정,경기도 양평군 서종면 수능리 227-4,127.38909061011319,37.58344149495251
아름다운실버타운,"요양원,요양센터",인천 강화군 불은면 해안동로283번길 17,덕성리 481,23047,정,전라남도 담양군 금성면 덕성리 481,127.06020759833629,35.36458913108834
봄빛실버타운요양원,"요양원,요양센터",경기 시흥시 도일로123번길 41 봄빛실버타운요양원,거모동 1738-5 봄빛실버타운요양원,15070,정,경기도 시흥시 거모동 1738-5,126.7815700300164,37.34466277239851
현대실버타운,"요양원,요양센터",대구 달서구 상화북로5길 5 현대실버타운,진천동 277 현대실버타운,42800,정,대구광역시 달서구 진천동 277,128.52880177178045,35.810573976570694
자연실버타운,"요양원,요양센터",인천 남동구 논고개로 273,도림동 355-7,21645,정,인천광역시 남동구 도림동 355-7,126.72627633993989,37.41504422248191
효누림실버타운 신관,"요양원,요양센터","경기 고양시 일산동구 고양대로 864-7 2층, 3층, 4층","중산동 35-15 2층, 3층, 4층",10311,정,경기도 고양시 일산동구 중산동 35-15,126.79052869746694,37.679117026925915
에덴실버타운,"요양원,요양센터",대전 유성구 테크노중앙로 155,용산동 575,34028,정,대전광역시 유성구 용산동 575,127.40079045136626,36.42271022170052
도울실버타운,"요양원,요양센터",전남 나주시 남평읍 남평2로 47,남평리 41,,정,경상남도 통영시 산양읍 남평리 41,128.4050972778944,34.81184782408289
효성실버타운,"요양원,요양센터",대구 북구 도남길 92-52,도남동 624-5,41408,정,대구광역시 북구 도남동 624-5,128.5854171773394,35.96039973126217
SK실버타운,"요양원,요양센터",경기 시흥시 배곧4로 32-19,배곧동 128,15010,정,경기도 시흥시 배곧동 128,126.7262357721213,37.37729772663474
에이플러스백정애건강실버타운,"요양원,요양센터",울산 중구 백양로 208,성안동 407-3,44418,정,울산광역시 중구 성안동 407-3,129.32426919230377,35.58048925823349
세종실버타운 평강요양원,"요양원,요양센터",세종 전동면 솔티로 361-15 세종실버타운,송성리 675-2 세종실버타운,30009,정,세종특별자치시 전동면 송성리 675-2,127.21614134474532,36.62934897054422
명암실버타운,"요양원,요양센터",충북 제천시 봉양읍 명암로1길 37,봉양리 406-2,27109,정,전북특별자치도 정읍시 입암면 봉양리 406-2,126.75971679558268,35.515718271444335
도심형 실버타운,"요양원,요양센터",서울 중구 세종대로18길 8,태평로2가 53,04526,정,서울특별시 중구 태평로2가 53,126.97750978123722,37.56370581787757
양평실버타운 요양원,"요양원,요양센터",경기 양평군 용문면 용문산로 107,덕촌리 15-1,12511,정,충청북도 청주시 흥덕구 옥산면 덕촌리 15-1,127.36481033568501,36.66166708699869
에벤에셀실버타운요양원,"요양원,요양센터","경북 경산시 강변동로 264 에벤에셀빌 3층, 4층, 5층","중방동 232-3 에벤에셀빌 3층, 4층, 5층",38611,정,경상북도 경산시 중방동 232-3,128.73376547566653,35.83321761461749
행복한실버타운요양원,"요양원,요양센터",충남 논산시 부적면 계백로 1493,마구평리 9-9,32914,정,충청남도 논산시 부적면 마구평리 9-9,127.13908356730958,36.21398728473575
장성누리타운관리사무소,관리사무소,전남 장성군 장성읍 청운11길 11,영천리 1475-5,,정,전라남도 장성군 장성읍 영천리 1475-5,126.78231175802148,35.304128734113554
햇살실버타운,"요양원,요양센터",경북 구미시 구미중앙로42길 8,송정동 442-3,39271,정,부산광역시 해운대구 송정동 442-3,129.19648733677792,35.175822624014536
동서변실버타운,"요양원,요양센터",대구 북구 동변로20길 26,동변동 281,41412,정,대구광역시 북구 동변동 281,128.6016644161646,35.92230725911469
수안보실버타운,생활형숙박시설,충북 충주시 수안보면 관동길 63 . 101호,온천리 36-1 . 101호,27497,정,충청북도 충주시 수안보면 온천리 36-1,127.99884856101278,36.85021796816408
부영실버타운아파트,아파트,전북 김제시 하동1길 79-1,하동 404-20,54366,정,전북특별자치도 김제시 하동 404-20,126.89586346754864,35.81417056971523
상주연세실버타운,"요양원,요양센터",경북 상주시 낙동면 영남제일로 841,신상리 474,37247,정,경상북도 상주시 낙동면 신상리 474,128.23978964367743,36.403568231940994
하당실버타운요양원,"요양원,요양센터",전남 목포시 백년대로307번길 22-1 하당실버타운요양원,상동 25-1 하당실버타운요양원,58665,정,경기도 여주시 상동 25-1,127.65277149325321,37.28890649620896
푸른실버타운,"요양원,요양센터",대구 동구 안심로22길 40-7 동흥타워,율하동 1444,41106,정,경상남도 김해시 율하동 1444,128.80717713171177,35.170937002064214
신도곡실버타운,"요양원,요양센터",전남 화순군 도곡면 지석로 1218-18,대곡리 779-1,58155,정,전라남도 담양군 금성면 대곡리 779-1,127.02730219718465,35.34118650368904
둥지원 실버타운,"요양원,요양센터",경기 양평군 용문면 용문로621번길 23-24,마룡리 39-1,,정,경기도 양평군 용문면 마룡리 39-1,127.60788714375094,37.5048981726514
효누림실버타운 본관,"요양원,요양센터",경기 고양시 일산동구 고양대로 866-29,중산동 27-29,10311,정,경기도 고양시 일산동구 중산동 27-29,126.79062238409146,37.677875671174014
호계실버타운요양원,"요양원,요양센터",경기 안양시 동안구 엘에스로 45,호계동 711-1,14121,정,경상남도 양산시 호계동 711-1,129.06879532910395,35.36851147016344
시화실버타운요양원,"요양원,요양센터",경기 시흥시 서촌상가4길 20,정왕동 1730-4,15036,정,경기도 시흥시 정왕동 1730-4,126.73161667020636,37.34598236787251
흰돌실버타운101동,병원부속시설,부산 수영구 연수로260번길 53,망미동 774-283,48239,정,부산광역시 수영구 망미동 774-283,129.0988476527567,35.17065686521251
노인요양시설 선산실버타운,"요양원,요양센터",경북 구미시 선산읍 선상동로 104,생곡리 839-1,39107,정,경상북도 구미시 선산읍 생곡리 839-1,128.32087302165502,36.270199731668846
포도나무실버타운,"요양원,요양센터",서울 송파구 가락로 2 금송빌딩,석촌동 221 금송빌딩 6층,05693,정,서울특별시 송파구 석촌동 221,127.0970182074189,37.49767980443269
효누리실버타운,"요양원,요양센터",경북 김천시 농소면 남곡3길 43-33 효누리실버타운,월곡리 1184 효누리실버타운,,정,경상북도 김천시 농소면 월곡리 1184,128.16503241053715,36.11495575737087
산청한방실버타운,"요양원,요양센터",경남 산청군 금서면 친환경로 2016 산청성모노인전문요양원,평촌리 289,52230,정,경상남도 산청군 금서면 평촌리 289,127.8480221196544,35.405006079077054
강북실버타운,"요양원,요양센터",대구 북구 칠곡중앙대로 525,읍내동 1206-4,41442,정,대구광역시 북구 읍내동 1206-4,128.5504161493934,35.942574261932606
금상실버타운,"요양원,요양센터",경북 칠곡군 동명면 남원로 459-1,남원리 222-3,39855,정,제주특별자치도 서귀포시 남원읍 남원리 222-3,126.72023378489249,33.283238939557236
혜민실버타운요양원,"요양원,요양센터",서울 광진구 자양로13길 13,자양동 627,05056,정,서울특별시 광진구 자양동 627,127.08323861465435,37.53537263535406
아름다운동행 실버타운,"요양원,요양센터",경북 상주시 내서면 북장1길 93-3 북장1길 89,북장리 213-2 북장1길 89,,정,경상북도 상주시 북장1길 89 (내서면),128.06652530129819,36.426379618084624
포천부모님실버타운,"요양원,요양센터",경기 포천시 내촌면 금강로3029번길 3,신팔리 410,11188,정,경기도 포천시 내촌면 신팔리 410,127.26751073734525,37.83344590472482
옥곡실버타운,"요양원,요양센터",경북 경산시 옥실길24길 13,옥곡동 612,38691,정,경상북도 경산시 옥곡동 612,128.73274821652498,35.805114243586786
강변늘푸른타운,아파트,경북 안동시 축제장1길 55 강변늘푸른타운,운흥동 346,36706,정,경상북도 안동시 운흥동 346,128.72858494581828,36.560974195440394
성은실버타운,"요양원,요양센터",경남 거창군 거창읍 거창대로 55 성은주상복합빌딩,대동리 931-3,50138,정,전북특별자치도 김제시 만경읍 대동리 931-3,126.84475704353663,35.84200099486961
노인요양시설조아재활전문실버타운,"요양원,요양센터",경북 구미시 봉곡북로 46 2층,봉곡동 185-3 2층,39208,정,경상북도 구미시 봉곡동 185-3,128.30893153870605,36.154060893392455
매그너스레지덴샬 실버타운 요양원,"요양원,요양센터",경기 남양주시 수동면 지둔로445번길 33-46 매그너스레지덴샬,지둔리 278-1,12028,정,경기도 남양주시 수동면 지둔리 278-1,127.29805896401724,37.72256225116866
무안실버타운,"요양원,요양센터",전남 무안군 무안읍 무안로 322-18,성남리 489-1,58531,정,전라남도 무안군 무안읍 성남리 489-1,126.46684587827355,34.975448620327676
시니어실버타운,"요양원,요양센터",서울 금천구 독산로 217 4층,독산동 1037-57,08617,정,서울특별시 금천구 독산동 1037-57,126.90153797280655,37.466146853052635
므두셀라 실버센터,"요양원,요양센터",서울 광진구 능동로 360 성곡빌딩,중곡동 41-16,04921,정,서울특별시 광진구 중곡동 41-16,127.08206807997315,37.56135030845058
동방실버타운요양원,"요양원,요양센터",경북 경산시 하양읍 금호강변로 660,금락리 375-40,38698,정,경상북도 경산시 하양읍 금락리 375-40,128.80734013460236,35.89819338964549
실버빌타운,주택,서울 송파구 위례성대로16길 18 실버타운,방이동 191-6 실버타운,05637,정,서울특별시 송파구 방이동 191-6,127.124309362739,37.51135618858436
에벤에셀요양원실버타운,"요양원,요양센터",경남 합천군 야로면 가야산로 728,월광리 245,50204,정,경상남도 합천군 야로면 월광리 245,128.15607874949717,35.73512817889022
작은예수회실버타운,종교,경기 가평군 조종면 연인산로474번길 140-35,마일리 102-11,12433,정,경기도 가평군 조종면 마일리 102-11,127.39039645514475,37.84294379511271
사랑샘실버타운,"요양원,요양센터",대전 서구 금평6길 10,흑석동 932,35426,정,대전광역시 서구 흑석동 932,127.34105575489679,36.252486718385384
예승실버타운,"요양원,요양센터",경기 고양시 덕양구 중앙로 628 예일프라자 9층 예승실버타운,화정동 1148-1 예일프라자 9층 예승실버타운,10503,정,경기도 고양시 덕양구 화정동 1148-1,126.828933679725,37.62752273429507
도담실버타운/요양원,"요양원,요양센터",충북 제천시 용두대로29안길 6-1,신월동 1117-4,27158,정,충청북도 제천시 신월동 1117-4,128.1813946443739,37.15315143396318
앞산실버타운,"요양원,요양센터",대구 서구 북비산로 246 앞산실버타운,평리동 670-3 앞산실버타운,41771,정,대구광역시 서구 평리동 670-3,128.5598783278347,35.878988487445234
용.인 실버타운,"요양원,요양센터",경기 용인시 기흥구 중부대로 940,상하동 2,17089,정,경기도 용인시 기흥구 상하동 2,127.15636144967098,37.25003925425701
가족실버타운요양원,"요양원,요양센터",경기 부천시 원미구 길주로363번길 24,춘의동 142-4,14529,정,경기도 부천시 원미구 춘의동 142-4,126.7828941365497,37.50393337933322
대덕실버타운,"요양원,요양센터",대구 남구 대명남로 103,대명동 1021-1,42493,정,대구광역시 남구 대명동 1021-1,128.56944292704796,35.835172961309354
에덴실버타운,"요양원,요양센터",대구 동구 공항로 251 에덴실버타운,지저동 677-2 에덴실버타운,41046,정,대구광역시 동구 지저동 677-2,128.64079884234246,35.896395525220036
마음다해실버타운,"요양원,요양센터",대구 달성군 논공읍 금강로10길 6-8,금포리 1362-2,42974,유,대구광역시 달성군 논공읍 금포리 1360,128.42814073655833,35.773143158062524
행복한실버타운,컨설팅,경기 양주시 장흥면 권율로 512 행복한실버타운,석현리 51-1 행복한실버타운,11519,정,경기도 양주시 장흥면 석현리 51-1,126.96835225292958,37.75035021319931
동호요양실버타운,"요양원,요양센터",경북 포항시 남구 호미곶면 해맞이로125번길 287,대보리 산136,37928,정,경상북도 포항시 남구 호미곶면 대보리 산 136,129.55460185261603,36.05408987299158
포은실버타운,"요양원,요양센터",경북 영천시 임고면 효자로 241-18,항리 506-9,38819,유,경상북도 청송군 주왕산면 항리 378,129.24272686954413,36.32719759414089
장수효실버타운,"요양원,요양센터",경북 영주시 장수면 장수로255번길 27,반구리 228,36145,정,경상북도 영주시 장수면 반구리 228,128.5880949270834,36.7873093481539
베아투스 실버타운,"요양원,요양센터",경기 고양시 일산동구 고봉로770번길 112-11,설문동 756-52,10251,정,경기도 고양시 일산동구 설문동 756-52,126.79239363819231,37.71958745316804
푸른마을 실버타운,"요양원,요양센터",인천 강화군 강화읍 갑룡길206번길 55,용정리 865-2,23023,정,전북특별자치도 정읍시 소성면 용정리 865-2,126.77558468088259,35.54017705356896
다사랑실버타운,"요양원,요양센터",대구 동구 신암로14길 3,신암동 1289-20,41205,정,대구광역시 동구 신암동 1289-20,128.60864329045233,35.87784132772377
"백년사랑실버타운 요양원,주간보호","요양원,요양센터",경북 경산시 남산면 서원길 58-12 백년사랑실버타운,사월리 202 백년사랑실버타운,38572,정,경상북도 경산시 남산면 사월리 202,128.83228718118963,35.78999360481865
연광실버타운,"요양원,요양센터",대전 서구 영골길 151,오동 277,35424,정,대전광역시 서구 오동 277,127.31327332366705,36.226075092522784
햇살실버타운,"요양원,요양센터",인천 강화군 강화읍 국화길 21,국화리 100,23028,정,경기도 화성시 우정읍 국화리 100,126.55456969578105,37.0596448298621
대한실버타운,"요양원,요양센터",대구 달성군 다사읍 달구벌대로 864 . 5층,죽곡리 117-3,42918,정,대구광역시 달성군 다사읍 죽곡리 117-3,128.4640555968596,35.85879890601741
은혜실버타운,"요양원,요양센터",경기 고양시 덕양구 고양대로 1387 성원코아쇼핑센타 6층,성사동 704-4,10464,정,경기도 고양시 덕양구 성사동 704-4,126.83834877143181,37.65454250634338
다사실버타운,"요양원,요양센터",대구 달성군 다사읍 죽곡1길 16-8 다사실버타운,죽곡리 192 다사실버타운,,정,경상남도 김해시 진영읍 죽곡리 192,128.76878460513225,35.27874204101067
김.포 실버타운,"요양원,요양센터",경기 김포시 김포대로 2529,월곶면 갈산리 465-1,10023,정,경기도 김포시 월곶면 갈산리 465-1,126.56923120830022,37.70119536899719
대운실버타운,"요양원,요양센터",대구 달서구 중흥로16길 65,송현동 1990,42819,정,대구광역시 달서구 송현동 1990,128.55648101450157,35.8266115836516
마루실버타운,"요양원,요양센터",경북 김천시 아포읍 금계길 43-18 마루실버타운,송천리 691-3 마루실버타운,39676,정,경상북도 영천시 청통면 송천리 691-3,128.80515615834636,35.984921922234406
해맞이실버타운,"요양원,요양센터",경북 영덕군 영덕읍 매정길 88,매정리,36424,대,전북특별자치도 정읍시 옹동면 매정리,126.96224662529887,35.638009260063946
사랑행복실버타운,"요양원,요양센터",경기 군포시 용호1로2번길 19 대림프라자 3충,당동 966-12 대림프라자 3층,15871,정,경기도 군포시 당동 966-12,126.93975484401157,37.34476407941027
경산제일실버타운,"요양원,요양센터",경북 경산시 압량읍 부적길 79,부적리 783,38508,정,경상북도 경산시 압량읍 부적리 783,128.76210858820986,35.8464943302834
우주실버타운,기업,인천 옹진군 영흥면 영흥남로 15-20,외리 68-222,23121,정,인천광역시 옹진군 영흥면 외리 68-222,126.47567789360572,37.25074784515801
희망실버타운,"요양원,요양센터",경북 상주시 사벌국면 배목길 138-22,덕담리 926-1,37127,정,경상북도 상주시 사벌국면 덕담리 926-1,128.19854883996078,36.47150349189229
다사효실버타운,"요양원,요양센터",대구 달성군 다사읍 달구벌대로92길 18,문산리 59-4,,정,대구광역시 달성군 다사읍 문산리 59-4,128.43440717232804,35.856659410811126
에덴실버타운,"요양원,요양센터",경기 고양시 덕양구 중앙로557번길 8-9 M&G프라자,행신동 998 앰앤지프라자 2층 전관,10518,정,경기도 고양시 덕양구 행신동 998,126.83442026474863,37.62338732329705
흰돌실버타운102동,병원부속시설,부산 수영구 연수로260번길 53,망미동 774-283,48239,정,부산광역시 수영구 망미동 774-283,129.0988476527567,35.17065686521251
포도나무실버타운,"요양원,요양센터",충남 보령시 오천면 원산도3길 215 포도나무실버타운,원산도리 692,,정,충청남도 보령시 오천면 원산도리 692,126.43157459304815,36.374408819973574
현풍효실버타운,기업,대구 달성군 현풍읍 테크노상업로 34,중리 497-1,43017,정,울산광역시 울주군 범서읍 중리 497-1,129.23509280272575,35.59948377686796
다은실버타운,"요양원,요양센터",대구 달서구 월곡로 184 상인리빙프라자,상인동 1525-1,42811,정,대구광역시 달서구 상인동 1525-1,128.54499031678063,35.81264147752119
효담실버타운,"요양원,요양센터",전남 나주시 남평읍 원암길 39,풍림리 523-1,58226,정,전라남도 나주시 남평읍 풍림리 523-1,126.8644208466848,35.03945953717146
노인요양시설 영남힐실버타운,"요양원,요양센터",경북 구미시 무을면 무을들길 100 노인요양시설 영남힐실버타운,무등리 280 노인요양시설 영남힐실버타운,39100,정,대구광역시 달성군 하빈면 무등리 280,128.46931218290428,35.92292234108231
대자연실버타운,"요양원,요양센터",경북 영천시 천문로 72-33,도동 252-7,38896,정,경상북도 영천시 도동 252-7,128.93076295717208,35.94540824930944
기성동 사랑샘 실버타운 지하 1층 대피소,민방위대피시설,대전 서구 금평6길 10,흑석동 932,35426,정,대전광역시 서구 흑석동 932,127.34105575489679,36.252486718385384
실버타운월암점,"요양원,요양센터",경기 의왕시 월암새터마을길 6,월암동 353-7,16107,정,경기도 의왕시 월암동 353-7,126.95467761820781,37.312467176231834
삼성노블카운티,노인복지,경기 용인시 기흥구 덕영대로 1751,하갈동 471-3,17099,정,경기도 용인시 기흥구 하갈동 471-3,127.08285445962389,37.25196463865895
더시그넘하우스,노인복지,서울 강남구 자곡로 204-25,자곡동 664,06373,정,서울특별시 강남구 자곡동 664,127.10372776970252,37.47322640542342
시니어타운 마리스텔라,노인복지,인천 서구 심곡로100번길 31,심곡동 205-13,22711,유,강원특별자치도 동해시 심곡동 205-3,129.0852450319121,37.5767997452639
실버캐슬요양타운,"요양원,요양센터",서울 금천구 독산로 194,독산동 378-392,08562,정,서울특별시 금천구 독산동 378-392,126.90315697348258,37.46442284418807
나눔실버타운,"요양원,요양센터",전남 나주시 남평읍 원암길 39,풍림리 523-1,58226,정,전라남도 나주시 남평읍 풍림리 523-1,126.8644208466848,35.03945953717146
사랑마을실버타운,"요양원,요양센터",대구 달성군 옥포읍 용연사길 96,반송리 404,42977,정,울산광역시 울주군 언양읍 반송리 404,129.17014867218322,35.548437120728494
흰돌실버타운 지하주차장 1층 대피소,민방위대피시설,부산 수영구 연수로260번길 53,망미동 774-283,48239,정,부산광역시 수영구 망미동 774-283,129.0988476527567,35.17065686521251
홍익원,"요양원,요양센터",충남 금산군 금산읍 후곤천길 73 디엔에스프라자,상리 34-13,32735,정,충청남도 금산군 금산읍 상리 34-13,127.49032275578473,36.10571246990337
성림효사랑실버타운,"요양원,요양센터",대구 북구 신천동로 740,대현동 411-4,41572,정,대구광역시 북구 대현동 411-4,128.6028241409549,35.88543970793427
Silver 인현지하상가점,"상가,아케이드",인천 중구 참외전로 117-15 인현지하상가 66,인현동 1-1 인현지하상가 66,22317,정,인천광역시 중구 인현동 1-1,126.6316933688248,37.4762571608131
더클래식500,노인복지,서울 광진구 능동로 90 더 클래식 500,자양동 227-342 더 클래식 500,05065,정,서울특별시 광진구 자양동 227-342,127.07093782160831,37.53866116829718
사회복지법인 백세재단 청라백세마을,노인복지,인천 서구 로봇랜드로249번길 14 청라백세실버타운,청라동 11-23 청라백세실버타운,22756,정,인천광역시 서구 청라동 11-23,126.61018987418034,37.52884662437497
백양사실버타운,"요양원,요양센터",전남 나주시 봉황면 송현제길 55,송현리 649-62,58237,정,전라남도 나주시 봉황면 송현리 649-62,126.80503747396592,34.96054801804505
서울시니어스 고창타워,노인복지,전북 고창군 고창읍 석정2로 140,석정리 830,,정,경기도 김포시 대곶면 석정리 830,126.55203648670069,37.670504519200506
부영실버타운아파트상가,"상가,아케이드",전북 김제시 하동1길 79-1,하동 404-20,54366,정,전북특별자치도 김제시 하동 404-20,126.89586346754864,35.81417056971523
강동노인복지타운,노인복지,경북 구미시 인동가산로 473-38,신동 659-2,39444,정,대전광역시 유성구 신동 659-2,127.36932042795182,36.47465701345484
블루밍더클래식,노인복지,경기 하남시 하남대로 770,신장동 517,12950,정,경기도 하남시 신장동 517,127.21182690563668,37.53968510642401
서울시니어스타워 강남본부,노인복지,서울 강남구 자곡로 100-2,자곡동 631,06373,정,서울특별시 강남구 자곡동 631,127.09573639029334,37.471544533458605
우디실버스튜디오,"상가,아케이드",경남 창원시 성산구 동산로61번길 8,상남동 104-12,51502,정,경상남도 창원시 성산구 상남동 104-12,128.68575423841543,35.21577434448456
더시그넘하우스 청라,노인복지,인천 서구 담지로 60,청라동 137-4,22733,정,인천광역시 서구 청라동 137-4,126.66103114256624,37.5354714187957
금강전원실버요양원,"요양원,요양센터",대구 동구 금강로39길 61,금강동 429-1,41095,정,대구광역시 동구 금강동 429-1,128.74167887377783,35.861273288320575
서울시니어스타워 서울본부,노인복지,서울 중구 다산로 72 서울시니어스 서울타워,신당동 366-144 서울시니어스 서울타워,04597,정,서울특별시 중구 신당동 366-144,127.00816002643874,37.55118800196421
새봄노인복지센터,노인복지,대구 북구 호국로 215 403호 새봄 노인복지센터,서변동 1787 403호 새봄 노인복지센터,41476,정,대구광역시 북구 서변동 1787,128.59888943867713,35.92061528804176
함안양로원,노인복지,경남 함안군 대산면 대산중앙로 147-26,평림리 1040-2,52011,정,경상남도 함안군 대산면 평림리 1040-2,128.43244423057646,35.34881277658501
대구성로원,노인복지,대구 달서구 진천로3길 80,진천동 700,42771,정,대구광역시 달서구 진천동 700,128.52143699990796,35.81057515008666
실버캐슬요양타운,"요양원,요양센터",서울 양천구 신월로 107,신월7동 982-5,08044,정,서울특별시 양천구 신월동 982-5,126.83580468302169,37.516244142680385
케어닥케어홈 배곧신도시점 1관,노인복지,경기 시흥시 배곧5로 66-8,배곧동 18-16,15010,정,경기도 시흥시 배곧동 18-16,126.73480812281278,37.3817224551914
사이언스빌리지,노인복지,대전 유성구 대덕대로 522,도룡동 441,34121,정,대전광역시 유성구 도룡동 441,127.37956183171748,36.37934456865816
서울시니어스타워 강서본부,노인복지,서울 강서구 공항대로 315,등촌동 669-1,07591,정,서울특별시 강서구 등촌동 669-1,126.8428413394626,37.55857901669832
실버세상요양타운,"요양원,요양센터",경기 동두천시 중앙로265번길 24 1층-4층,생연동 659-40,11328,정,경기도 동두천시 생연동 659-40,127.0524638041824,37.90561261672333
서울시니어스타워 분당본부,노인복지,경기 성남시 분당구 구미로173번길 47,구미동 297-2,13619,정,경기도 성남시 분당구 구미동 297-2,127.12345421072325,37.3471813820925
전국노인주거복지시설협회,노인복지,충남 천안시 동남구 목천읍 운전4길 6,운전리 41-9,,정,충청남도 천안시 동남구 목천읍 운전리 41-9,127.23081798518696,36.7653458522794
대구샘노인요양센터,재가노인요양센터,대구 달서구 진천로3길 80 1층,진천동 700 1층,42771,정,대구광역시 달서구 진천동 700,128.52143699990796,35.81057515008666
KB골든라이프케어 평창카운티,노인복지,서울 종로구 평창문화로 87,평창동 153-3,03009,정,서울특별시 종로구 평창동 153-3,126.97078988483487,37.60726766051783
케어닥 방문요양돌봄센터 노블카운티점,재가노인요양센터,경기 용인시 기흥구 덕영대로 1751 2층,하갈동 471-3 2층,17099,정,경기도 용인시 기흥구 하갈동 471-3,127.08285445962389,37.25196463865895
사랑나눔주간보호센터 신가점,재가노인요양센터,광주 광산구 목련로382번안길 34,신가동 296,62302,정,광주광역시 광산구 신가동 296,126.83593524210978,35.18055871237646
오로지종합복지원,노인복지,경기 안성시 양성면 미리내성지로 386-27,미산리 175-1,17500,정,경기도 안성시 양성면 미산리 175-1,127.26095055855839,37.1375256041102
송산실버빌,"요양원,요양센터",광주 광산구 삼도세동길 9-11 송산실버빌,송산동 1235-2 송산실버빌,62406,정,광주광역시 광산구 송산동 1235-2,126.71516391241508,35.160454807340244
가나의작은행복,노인복지,충북 음성군 원남면 하노길 180 가나의작은행복,하노리 124-1 가나의작은행복,27719,정,충청북도 음성군 원남면 하노리 124-1,127.69754254151587,36.90080355498741
다사재가노인복지센터,노인복지,대구 달성군 다사읍 죽곡1길 16-8,죽곡리 192,,정,경상북도 영천시 화남면 죽곡리 192,128.95803481366514,36.0666674527345
동행 위드유 주간보호센터,노인복지,경북 문경시 상신로 47 1층 동행 위드유 주간보호센터,점촌동 462-3 1층 동행 위드유 주간보호센터,36955,정,경상북도 문경시 점촌동 462-3,128.1941360468785,36.59556909862038
정원속궁전,노인복지,경기 성남시 분당구 불정로 112 피더하스,정자동 209,13606,정,경기도 성남시 분당구 정자동 209,127.11699770533099,37.35767317724721
하랑실버빌리지,"요양원,요양센터",경기 부천시 원미구 조마루로385번길 37 단독건물 (하랑실버빌리지빌딩),춘의동 205-17 단독건물 (하랑실버빌리지빌딩),14557,정,경기도 부천시 원미구 춘의동 205-17,126.78699284317193,37.49940736912546
파라다이스실버케어,"요양원,요양센터",경기 남양주시 진접읍 봉현로59번길 23-1 파라다이스실버케어,장현리 576-23 파라다이스실버케어,12007,정,경기도 남양주시 진접읍 장현리 576-23,127.17537439029046,37.71782737148578
서울시니어스타워 가양본부,노인복지,서울 강서구 화곡로68길 102,등촌동 637,07550,정,서울특별시 강서구 등촌동 637,126.85925149824514,37.556879758293064
다올재활실버케어,"요양원,요양센터",경기 포천시 소흘읍 광릉수목원로 1163 다올재활실버케어,이동교리 733-42 다올재활실버케어,11184,정,경기도 포천시 소흘읍 이동교리 733-42,127.1187118516923,37.77921917371691
데이브실버케어,"요양원,요양센터",경기 고양시 덕양구 보광로 110 데이브실버케어,벽제동 518-7 데이브실버케어,10267,정,경기도 고양시 덕양구 벽제동 518-7,126.90696984289612,37.725068727270596
연세숲속주간보호,재가노인요양센터,대구 북구 장태실길 13,팔달동 281-10,41490,정,대구광역시 북구 팔달동 281-10,128.5359144044123,35.89626358041075
덕인러브힐,노인복지,경남 창녕군 대지면 대초길 36-28,본초리 산35,50319,유,경상남도 창녕군 대지면 본초리 산 35-1,128.45274100151994,35.540346335180914
계양데이케어센터,노인복지,인천 계양구 아나지로 191,효성동 273-101,21112,정,인천광역시 계양구 효성동 273-101,126.71322699242882,37.525512815965584
희망세상,"사회,복지",경북 상주시 사벌국면 배목길 138-22,덕담리 926-1,37127,정,경상북도 상주시 사벌국면 덕담리 926-1,128.19854883996078,36.47150349189229
주안 에쉐르카운티,노인복지,인천 미추홀구 주승로 110,주안동 1216-17,22231,정,인천광역시 미추홀구 주안동 1216-17,126.6826567538624,37.44506778932481
아산실버요양원,"요양원,요양센터",충남 아산시 송악면 외암로 759 아산실버요양원,마곡리 165-1 아산실버요양원,31583,정,경상북도 경산시 진량읍 마곡리 165-1,128.8466776906849,35.84635111115906
민들레실버요양원,"요양원,요양센터",울산 울주군 온양읍 솔밭1길 30-9 민들레실버요양원,대안리 204-2 민들레실버요양원,,정,경상북도 영천시 화산면 대안리 204-2,128.82779991442845,36.03096170536
백세만세실버케어,"요양원,요양센터","경기 남양주시 진접읍 봉현로 67-5 1,2동","장현리 570 1,2동",12007,정,충청남도 보령시 청라면 장현리 570-1,126.67364043909552,36.422285659172246
푸른마을,노인복지,인천 강화군 강화읍 갑룡길206번길 55 푸른마을,용정리 865-2,23023,정,전북특별자치도 정읍시 소성면 용정리 865-2,126.77558468088259,35.54017705356896